Nombre,Correo,Direccion,Perfil,Fecha_Registro
Thomas Griffin,ajackson@example.org,"Unit 9647 Box 9557, DPO AP 86931","Surveyor, rural practice",2024-12-13
Russell Harris,colemanjacqueline@example.net,"7433 Casey Vista, North Lauren, UT 81855",Purchasing manager,2023-08-24
Jamie Smith,joannaswanson@example.net,"Unit 5805 Box 5743, DPO AP 24044","Scientist, marine",2020-02-04
William Watson,johnbenson@example.net,"USNS Boone, FPO AP 91758",Computer games developer,2020-02-15
Tyler Wilson,runderwood@example.org,"4796 Garcia Track, Gomezberg, MI 76907",Further education lecturer,2025-11-07
John Lara,xcarpenter@example.org,"PSC 5535, Box 3453, APO AA 04078","Pharmacist, community",2023-11-08
Kaylee Reid,harringtonmichael@example.net,"705 Terri Views, Port Kevin, VI 16694",Firefighter,2022-04-29
Cameron Jones,mirandamarcus@example.com,"013 Perez Inlet, Valeriemouth, WI 81707",Minerals surveyor,2022-05-10
Daniel Mccall,joejoseph@example.org,"57840 Patrick Forges, South Samuel, FM 81097","Nurse, children's",2022-04-30
Jack Jones,jgonzalez@example.org,"3390 Alexander Ferry Suite 944, New Gilbertview, IN 39597",Geoscientist,2025-01-12
Olivia Dean,shannonsarah@example.net,"91512 Sampson Mountain, Port Davidville, NC 64632",Chartered loss adjuster,2022-07-14
Leslie Johnson,gregoryesparza@example.org,"1187 Brittany Ports Suite 910, East Andrea, NJ 04422","Social research officer, government",2024-02-14
Debra Simpson,wtaylor@example.org,"46396 Micheal Keys, Dawnmouth, AK 47403",Quarry manager,2025-03-21
Joshua Lucas,thompsonjeremy@example.org,"46972 Jeffrey Trace Apt. 095, Larsonland, MO 35739","Engineer, agricultural",2021-08-19
Justin Grant,jwilliams@example.org,"Unit 6590 Box 9277, DPO AA 41322",Seismic interpreter,2022-08-13
Monica Hernandez,taylorkristina@example.org,"6272 Oneill Ville, Smithton, PW 57746","Engineer, production",2024-02-17
Tina Peters,mitchellashley@example.org,"463 Hardy Manors Suite 571, Brooksborough, ND 89031","Designer, furniture",2021-01-15
Joseph Anderson,sarah37@example.com,"0527 Washington Course Suite 140, New Robertborough, TN 97980",Purchasing manager,2025-12-22
Danielle Leach,wardtammy@example.org,"503 Kevin Light, Nguyenport, NM 04426",Medical sales representative,2024-06-25
Judith Nelson,angela64@example.org,"Unit 4344 Box 7182, DPO AA 56656","Engineer, production",2023-10-31
Stuart Jackson,danielswilliam@example.org,"PSC 5584, Box 1428, APO AP 20581","Buyer, retail",2022-08-22
Laura Gilbert,zbeltran@example.com,"USNV Jackson, FPO AE 50238",Volunteer coordinator,2024-04-16
Steven Stokes,kayla05@example.net,"504 Eileen Crossroad Suite 670, Lewisside, FM 33065",Sports coach,2025-12-24
Patrick Hoffman,deannahorn@example.com,"4315 Jason River, Karinaport, MN 65038",Adult nurse,2023-11-11
Thomas Cummings PhD,xward@example.com,"USCGC Johnson, FPO AE 74991",Statistician,2024-05-14
Kevin Mueller,judithkim@example.net,"888 Charles Mountain, North Jonathanshire, MH 82865","Engineer, land",2023-06-24
Alec Hodges,jamesmalone@example.com,"PSC 9662, Box 2626, APO AE 35458",Print production planner,2024-02-10
Victoria Peters,emily25@example.com,"96729 Phillips Glen, Francisside, CT 94691",Health visitor,2025-11-10
George Arias,yweber@example.com,"9958 Gutierrez Overpass, East Stacey, GA 55953","Designer, fashion/clothing",2020-10-23
Jessica Johnson,nguyenjennifer@example.net,"272 Lauren Valleys Suite 197, Lake Madison, CA 59341","Geologist, wellsite",2023-11-02
Nicole Donovan MD,gadams@example.net,"94232 Price Terrace, Zacharyfurt, MA 20561",Early years teacher,2020-09-12
Alison Todd,tara93@example.org,"7370 Marcus Stream, Johnsonshire, UT 52030",Higher education lecturer,2024-12-31
Todd Kane,ronald01@example.com,"943 Williams Plain Apt. 882, North Cheyenneton, PR 73067","Surveyor, building",2022-04-26
Lisa Walsh,kellyaustin@example.com,"4225 Michelle Corner, Bauerfort, SD 00902",Charity fundraiser,2023-01-13
Helen White,hutchinsonmonica@example.net,"2204 Jacob Pike Apt. 073, New Nicoleton, CT 86724","Designer, ceramics/pottery",2024-02-20
Laura Johnson,wperry@example.com,"440 Ortiz Valleys Suite 185, Payneburgh, AK 64924",Psychiatric nurse,2023-11-21
Donald Moore,tashawilliams@example.com,"083 Lori Island, Sandersberg, PA 85156",Minerals surveyor,2022-03-20
James Cummings,cgaines@example.net,"2115 Joshua Light Apt. 970, Chavezchester, MT 62141","Designer, ceramics/pottery",2020-02-15
Marissa Brown,jenkinssean@example.com,"94456 Kevin Mission, Marissamouth, VI 91689",Stage manager,2024-01-12
Danielle Richardson,tcook@example.com,"0958 Wagner Turnpike Suite 452, Cooperchester, NJ 05057",Health and safety adviser,2022-11-12
Douglas Walker,camachorobert@example.org,"46500 Anthony Lake, Lake Lawrence, MI 23668",Contractor,2024-06-16
Ashley Hubbard,woodschristopher@example.net,"39761 Joshua Rest Apt. 931, North Daniel, IA 63723","Civil engineer, contracting",2021-05-17
Cheryl Gibson,daniellesmith@example.net,"16360 Robertson Drive, Port Ryanton, MI 30880",Psychotherapist,2021-12-30
Rose Green,manuelfrancis@example.org,"4454 Underwood Rapids, Lake Gregory, ID 35419",Engineering geologist,2020-05-09
Kristina Ramirez,xdavis@example.net,"USS Blevins, FPO AE 14886",Haematologist,2024-11-28
Stacy Richards,eringreen@example.org,"4858 Deborah Trafficway, Port Jacobborough, TN 15883",Chartered accountant,2022-04-19
Edwin Day,angelphillips@example.net,"03624 Jackson Valley, Erinview, AZ 78797",Meteorologist,2025-06-14
Richard Black,anthony95@example.com,"Unit 7101 Box 8932, DPO AA 99090",Podiatrist,2022-06-14
Zachary Freeman PhD,nboyd@example.net,"543 Thomas Prairie, Sanchezmouth, DC 92223",Theatre manager,2024-07-19
Gary Alexander,ggarner@example.com,"6065 Justin Unions, Nathanchester, LA 27388","Solicitor, Scotland",2024-04-29
